Product,Account ID,Account Name,Website,Industry
IAQ,001Pr000008IK8X,ARPA-H,arpa-h.gov,Government
IAQ,001Pr000006B3ok,Seattle Academy of Arts and Sciences,seattleacademy.org,K-12 Education
IAQ,0014W00002LyTTW,Pasco School District,www.psd1.org,K-12 Education
IAQ,0018a00001hGkFZ,Cleveland VA Medical Center,https://www.va.gov/northeast-ohio-health-care/,Government
IAQ,0014W00002S9mee,BelCosta Labs,www.belcostalabs.com,Business Services
IAQ,001Pr00000CnjrX,CRVA,www.crva.com,Hospitality
IAQ,0014W00002W455r,Prisma Health,http://www.prismahealth.org,Healthcare
IAQ,001Pr00000Evjd3,UST,https://www.ust.com/,Business Services
IAQ,0014W00002D1pmh,Trilogy Health Services,trilogyhs.com,Senior Care
IAQ,001Pr00000GY5KD,ARUP,arup.com,Construction
IAQ,0014W00002SAKzI,CHS,www.chsinc.com,Agriculture
IAQ,001Pr00000GanCH,Brin Glass,bringlass.com,Construction
IAQ,001Pr00000HWob2,Rodenhiser HVAC,www.rodenhiser.com,Construction
IAQ,001Pr00000IGxMk,Excellent Air Heating and Cooling,www.excellentairny.com,Construction
IAQ,001Pr00000ALCzh,Miami Heat,heat.com,Sports - Teams & Leagues
IAQ,0018a00001nr6cD,ByteDance (TikTok),tiktok.com,Media & Internet
IAQ,0014W00002DMdSO,Penske Automotive Group,www.penskeautomotive.com,Automobile Dealers
IAQ,0014W00002D0TTf,BMO Bank of Montreal,www.bmo.com,Finance
IAQ,0014W00002VXYBp,McKesson,https://www.mckesson.com,Corporate
IAQ,001Pr00000Djoij,Acentech,acentech.com,Business Services
IAQ,0014W000024TJen,Philadelphia 76ers,www.sixers.com,Sports - Teams & Leagues
IAQ,0018a00002KQceJ,Unit 40 Schools,,K-12 Education
IAQ,001Pr000006phE5,Algoma University,https://algomau.ca/,Higher Education
IAQ,001Pr00000Fv5Ox,Infrastructure Ontario,https://www.infrastructureontario.ca,Commercial Real Estate
IAQ,001Pr00000HkVJz,Consumers Credit Union,consumerscu.org,Finance
IAQ,0018a00001qvEfE,Stanford Children's,www.stanfordchildrens.org,Healthcare
IAQ,001Pr00000CRPA3,Rudin Management,www.rudin.com,Real Estate
IAQ,001Pr00000EYKHB,DivcoWest,https://divcowest.com,Real Estate
IAQ,0018a00001rDFek,VA Sierra Nevada Healthcare System,www.va.gov,Government
IAQ,0014W00002acxGX,U.S. Department of Veterans Affairs,https://www.va.gov/,Government
IAQ,001Pr00000FYm9f,HTS New England,www.hts.com/new-england/?l=new-england,Construction
IAQ,001Pr00000FYm9f,HTS New England,www.hts.com/new-england/?l=new-england,Construction
IAQ,001Pr00000FYm9i,Olympic International,www.olympicinternational.com,Retail
IAQ,001Pr00000FYm9i,Olympic International,www.olympicinternational.com,Retail
IAQ,001Pr00000FYm9i,Olympic International,www.olympicinternational.com,Retail
IAQ,001Pr00000I265P,Quality Comfort Experts,www.myqce.com,
IAQ,001Pr00000J4Ue5,William A Leva,,
IAQ,001Pr00000FYm9r,Temperature Equipment Corporation (TEC),www.tecmungo.com,Construction
IAQ,001Pr00000HX0tv,HC Nye HVAC,www.hcnyeco.com,Construction
IAQ,001Pr00000HWpYj,Value Added Distributors (VAD - Virginia Air),www.vadhvac.com,Consumer Services
IAQ,001Pr00000J5ESP,Paul Perapadan,,
IAQ,001Pr00000J5FLF,Erin Prouty,,
IAQ,001Pr00000JBX4A,Chris Shenefelt,,
IAQ,001Pr00000Fpy8H,Vicon Equip,https://viconequp.com,
IAQ,001Pr00000FYm9h,Kildonan Energy,www.kildonanenergy.com,Construction
IAQ,001Pr00000JBndb,Eric Monahan,,
IAQ,001Pr00000Fpy8H,Vicon Equip,https://viconequp.com,
IAQ,001Pr00000JDGLq,Johnstone Supply,www.johnstonesupply.com,Retail
IAQ,001Pr00000JDPH0,Total Air Masters,www.tamtotalair.com,
IAQ,001Pr00000JDQjK,"Absolute Comfort Heating and Air Conditioning, LLC",www.absolutecomfort-hvac.com,Construction
IAQ,001Pr00000Fpy8B,Gensco,https://gensco.com,Building Materials
IAQ,001Pr00000FYm9j,RePure,www.repure.io,"Health, Wellness and Fitness"
IAQ,0014W00002Wg346,Baltimore City Public School System,baltimorecityschools.org,K-12 Education
IAQ,001Pr00000FYm9f,HTS New England,www.hts.com/new-england/?l=new-england,Construction
IAQ,001Pr00000JDofD,John Goellner,www.johngoellner.com,Consumer Services
IAQ,001Pr00000FYm9n,Cogent Air Solutions,www.cogentairsolutions.com,
IAQ,001Pr00000Htle1,Dubai Holdings,https://dubaiholding.com/en/,Corporate
IAQ,001Pr00000EodVz,Barton Health System,,
IAQ,001Pr00000Fpy8B,Gensco,https://gensco.com,Building Materials
IAQ,001Pr00000Fpy84,AuerSteel,https://auersteel.com,Building Materials
IAQ,001Pr00000HWpYj,Value Added Distributors (VAD - Virginia Air),www.vadhvac.com,Consumer Services
IAQ,001Pr00000FYm9i,Olympic International,www.olympicinternational.com,Retail
IAQ,001Pr00000FYm9f,HTS New England,www.hts.com/new-england/?l=new-england,Construction
IAQ,001Pr00000JWRjl,Marty Dutton,,
IAQ,001Pr000007p85z,OneLegacy,onelegacy.org,Healthcare
IAQ,0014W00002DoQvJ,Verizon,www.verizon.com,Telecommunications
IAQ,001Pr00000MO8at,European Bank for Reconstruction and Development,https://www.ebrd.com/home,Finance
IAQ,001Pr00000MO8at,European Bank for Reconstruction and Development,https://www.ebrd.com/home,Finance
IAQ,001Pr000008kDfB,Novo Nordisk,novonordisk.com,Manufacturing
IAQ,001Pr00000CRTqJ,Lincoln Property,,
Occupancy Analytics (Owner),0018a00001rEhLn,University of Texas - Rio Grande Valley,www.utrgv.edu,Higher Education
Occupancy Analytics (Owner),001Pr000006JrWc,Stanford School of Med,,Higher Education
Occupancy Analytics (Owner),001Pr000009CRX7,University of Miami Health System,med.miami.edu,K-12 Education
Occupancy Analytics (Owner),001Pr00000CRm4r,Stanford University,www.stanford.edu,Higher Education
Occupancy Analytics (Owner),0018a00001nrGhI,Hines Corporation,https://www.hines.com/,Real Estate
Occupancy Analytics (Owner),0018a00002KQryW,The RMR Group Inc.,https://www.rmrgroup.com/Home/default.aspx,Commercial Real Estate
Occupancy Analytics (Owner),001Pr00000DWT5p,GBH - Global Benchmarking Hub,gbh.ae,Corporate
Occupancy Analytics (Owner),0014W00002O5WkN,Colliers International,www2.colliers.com,Real Estate
Occupancy Analytics (Owner),001Pr00000EhL7c,Whitbread,www.whitbread.co.uk,Hospitality
Occupancy Analytics (Owner),001Pr00000Htle1,Dubai Holdings,https://dubaiholding.com/en/,Corporate
Occupancy Analytics (Owner),001Pr00000IqvUU,Swire Properties,swireproperties.com,Real Estate
Occupancy Analytics (Owner),001Pr00000Htle1,Dubai Holdings,https://dubaiholding.com/en/,Corporate
Occupancy Analytics (Owner),001Pr00000IqvUU,Swire Properties,swireproperties.com,Real Estate
Occupancy Analytics (Owner),001Pr00000MRcR9,Albireo Energy,www.albireoenergy.com,Commercial Real Estate
Occupancy Analytics (Tenant),0014W00002RIeZO,Walmart,https://www.walmart.com/,Retail
Occupancy Analytics (Tenant),0014W00002USmgF,Stanford Health Care,www.stanfordhealthcare.org,Healthcare
Occupancy Analytics (Tenant),0018a00001nr6cD,ByteDance (TikTok),tiktok.com,Media & Internet
Occupancy Analytics (Tenant),0014W00002VXOXH,Dolby,www.dolby.com,Manufacturing
Occupancy Analytics (Tenant),0014W00002VXOXY,LinkedIn Corp,http://www.linkedin.com/,Technology
Occupancy Analytics (Tenant),0014W00002VXOXm,QVC,www.qvc.com,"Department Stores, Shopping Centers & Superstores"
Occupancy Analytics (Tenant),0014W00002VXRy7,Indeed,www.indeed.com,Software
Occupancy Analytics (Tenant),0014W00002VXXD7,Symetra Financial,www.symetra.com,Insurance
Occupancy Analytics (Tenant),0014W00002VXYBp,McKesson,https://www.mckesson.com,Corporate
Occupancy Analytics (Tenant),0014W00002VXbzy,S&P Global,www.spglobal.com,Media & Internet
Occupancy Analytics (Tenant),0014W00002VXOWY,Coca-Cola,www.coca-colacompany.com,Manufacturing
Occupancy Analytics (Tenant),0014W00002W24KN,Netflix,www.netflix.com,Media & Internet
Occupancy Analytics (Tenant),0014W00002W24KN,Netflix,www.netflix.com,Media & Internet
Occupancy Analytics (Tenant),0014W00002YLoZn,MITRE,mitre.org,Government
Occupancy Analytics (Tenant),0014W00002VXmNt,Salesforce,salesforce.com,Technology
Occupancy Analytics (Tenant),0014W00002VXmNt,Salesforce,salesforce.com,Technology
Occupancy Analytics (Tenant),0014W00002VXmNt,Salesforce,salesforce.com,Technology
Occupancy Analytics (Tenant),0014W00002VXmNt,Salesforce,salesforce.com,Technology
Occupancy Analytics (Tenant),0014W00002iYqkf,Applied Materials (AMAT),http://www.appliedmaterials.com/,Technology
Occupancy Analytics (Tenant),0014W00002VXXD7,Symetra Financial,www.symetra.com,Insurance
Occupancy Analytics (Tenant),0014W00002VXmNt,Salesforce,salesforce.com,Technology
Occupancy Analytics (Tenant),0014W00002VXYBp,McKesson,https://www.mckesson.com,Corporate
Occupancy Analytics (Tenant),0014W00002VXOXm,QVC,www.qvc.com,"Department Stores, Shopping Centers & Superstores"
Occupancy Analytics (Tenant),0018a00001qvEfE,Stanford Children's,www.stanfordchildrens.org,Healthcare
Occupancy Analytics (Tenant),0014W00002VXmNt,Salesforce,salesforce.com,Technology
Occupancy Analytics (Tenant),0014W00002O8sAT,Otsuka America Pharmaceutical US,www.otsuka-us.com,Manufacturing
Occupancy Analytics (Tenant),0014W00002VXRy7,Indeed,www.indeed.com,Software
Occupancy Analytics (Tenant),0018a00001nr6cD,ByteDance (TikTok),tiktok.com,Media & Internet
Occupancy Analytics (Tenant),0014W00002W24KN,Netflix,www.netflix.com,Media & Internet
Occupancy Analytics (Tenant),0014W00002VXOWY,Coca-Cola,www.coca-colacompany.com,Manufacturing
Occupancy Analytics (Tenant),0014W00002W24KN,Netflix,www.netflix.com,Media & Internet
Occupancy Analytics (Tenant),0014W00002VXmNt,Salesforce,salesforce.com,Technology
Occupancy Analytics (Tenant),0014W00002VXmNt,Salesforce,salesforce.com,Technology
Occupancy Analytics (Tenant),0014W00002VXmNt,Salesforce,salesforce.com,Technology
Occupancy Analytics (Tenant),0014W00002VXmNt,Salesforce,salesforce.com,Technology
Occupancy Analytics (Tenant),0014W00002W24KN,Netflix,www.netflix.com,Media & Internet
Occupancy Analytics (Tenant),0014W00002VXmNt,Salesforce,salesforce.com,Technology
Occupancy Analytics (Tenant),0018a00001qumzJ,Utah Transit Authority,https://www.rideuta.com/,Transportation
Occupancy Analytics (Tenant),0018a00001qumzJ,Utah Transit Authority,https://www.rideuta.com/,Transportation
Occupancy Analytics (Tenant),0014W00002YyL3H,U.S. General Services Administration - GSA Schedule Ordering Vehicle,www.gsa.gov,Government
Occupancy Analytics (Tenant),0014W00002YLoZn,MITRE,mitre.org,Government
Occupancy Analytics (Tenant),0018a00001qvEfE,Stanford Children's,www.stanfordchildrens.org,Healthcare
Occupancy Analytics (Tenant),0018a00001qvEfE,Stanford Children's,www.stanfordchildrens.org,Healthcare
Occupancy Analytics (Tenant),0014W00002YLoZn,MITRE,mitre.org,Government
Occupancy Analytics (Tenant),0014W00002VXRy7,Indeed,www.indeed.com,Software
Occupancy Analytics (Tenant),0014W00002VXRy7,Indeed,www.indeed.com,Software
Occupancy Analytics (Tenant),0014W00002VXOXH,Dolby,www.dolby.com,Manufacturing
Occupancy Analytics (Tenant),0018a00001qvEfE,Stanford Children's,www.stanfordchildrens.org,Healthcare
Occupancy Analytics (Tenant),0018a00001rCrhx,Cambia Health Solutions,cambiahealth.com,Healthcare
Occupancy Analytics (Tenant),0014W00002VXmNt,Salesforce,salesforce.com,Technology
Occupancy Analytics (Tenant),0014W00002W24KN,Netflix,www.netflix.com,Media & Internet
Occupancy Analytics (Tenant),0014W00002VXmNt,Salesforce,salesforce.com,Technology
Occupancy Analytics (Tenant),0014W00002W24KN,Netflix,www.netflix.com,Media & Internet
Occupancy Analytics (Tenant),0014W00002VXRy7,Indeed,www.indeed.com,Software
Occupancy Analytics (Tenant),0014W00002VXRy7,Indeed,www.indeed.com,Software
Occupancy Analytics (Tenant),0014W00002YyL3H,U.S. General Services Administration - GSA Schedule Ordering Vehicle,www.gsa.gov,Government
Occupancy Analytics (Tenant),0014W00002VXXD7,Symetra Financial,www.symetra.com,Insurance
Occupancy Analytics (Tenant),0014W00002VXRy7,Indeed,www.indeed.com,Software
Occupancy Analytics (Tenant),0018a00001nr6cD,ByteDance (TikTok),tiktok.com,Media & Internet
Occupancy Analytics (Tenant),0014W00002RIeZO,Walmart,https://www.walmart.com/,Retail
Occupancy Analytics (Tenant),0018a00001qvEfE,Stanford Children's,www.stanfordchildrens.org,Healthcare
Occupancy Analytics (Tenant),0014W00002O8sAT,Otsuka America Pharmaceutical US,www.otsuka-us.com,Manufacturing
Occupancy Analytics (Tenant),0014W00002VXRy7,Indeed,www.indeed.com,Software
Occupancy Analytics (Tenant),0014W00002VXOWY,Coca-Cola,www.coca-colacompany.com,Manufacturing
Occupancy Analytics (Tenant),0018a00001rCrhx,Cambia Health Solutions,cambiahealth.com,Healthcare
Occupancy Analytics (Tenant),0014W00002VXRy7,Indeed,www.indeed.com,Software
Occupancy Analytics (Tenant),0014W00002VXOXm,QVC,www.qvc.com,"Department Stores, Shopping Centers & Superstores"
Occupancy Analytics (Tenant),0014W00002USmgF,Stanford Health Care,www.stanfordhealthcare.org,Healthcare
Occupancy Analytics (Tenant),0018a00001nr6cD,ByteDance (TikTok),tiktok.com,Media & Internet
Occupancy Analytics (Tenant),0018a00001nr6cD,ByteDance (TikTok),tiktok.com,Media & Internet
Occupancy Analytics (Tenant),0018a00001nr6cD,ByteDance (TikTok),tiktok.com,Media & Internet
Occupancy Analytics (Tenant),0014W00002VXmNt,Salesforce,salesforce.com,Technology
Occupancy Analytics (Tenant),0014W00002VXmNt,Salesforce,salesforce.com,Technology
Occupancy Analytics (Tenant),0014W00002VXmNt,Salesforce,salesforce.com,Technology
Occupancy Analytics (Tenant),0014W00002VXXD7,Symetra Financial,www.symetra.com,Insurance
Occupancy Analytics (Tenant),0014W00002VXmNt,Salesforce,salesforce.com,Technology
Occupancy Analytics (Tenant),0018a000027l1x1,CSIRO,csiro.au,Government
Occupancy Analytics (Tenant),0014W00002W24KN,Netflix,www.netflix.com,Media & Internet
Occupancy Analytics (Tenant),0014W00002W24KN,Netflix,www.netflix.com,Media & Internet
Occupancy Analytics (Tenant),0014W00002VXmNt,Salesforce,salesforce.com,Technology
Occupancy Analytics (Tenant),0014W00002VXmNt,Salesforce,salesforce.com,Technology
Occupancy Analytics (Tenant),0018a00001qumzJ,Utah Transit Authority,https://www.rideuta.com/,Transportation
Occupancy Analytics (Tenant),0014W00002iYqkf,Applied Materials (AMAT),http://www.appliedmaterials.com/,Technology
Occupancy Analytics (Tenant),0014W00002VXOXH,Dolby,www.dolby.com,Manufacturing
Occupancy Analytics (Tenant),0018a00001nr6cD,ByteDance (TikTok),tiktok.com,Media & Internet
Occupancy Analytics (Tenant),0018a000027mHmJ,Genesys,genesys.com,Software
Occupancy Analytics (Tenant),0014W00002W24KN,Netflix,www.netflix.com,Media & Internet
Occupancy Analytics (Tenant),0014W00002USmgF,Stanford Health Care,www.stanfordhealthcare.org,Healthcare
Occupancy Analytics (Tenant),0014W00002YLoZn,MITRE,mitre.org,Government
Occupancy Analytics (Tenant),0018a000027magE,Roshn,roshn.sa,Other
Occupancy Analytics (Tenant),0014W00002VXmNt,Salesforce,salesforce.com,Technology
Occupancy Analytics (Tenant),0014W00002VXmNt,Salesforce,salesforce.com,Technology
Occupancy Analytics (Tenant),0014W00002VXmNt,Salesforce,salesforce.com,Technology
Occupancy Analytics (Tenant),0018a00001qvEfE,Stanford Children's,www.stanfordchildrens.org,Healthcare
Occupancy Analytics (Tenant),0018a00001nr6cD,ByteDance (TikTok),tiktok.com,Media & Internet
Occupancy Analytics (Tenant),0014W00002iYqkf,Applied Materials (AMAT),http://www.appliedmaterials.com/,Technology
Occupancy Analytics (Tenant),0014W00002VXmNt,Salesforce,salesforce.com,Technology
Occupancy Analytics (Tenant),0014W00002VXmNt,Salesforce,salesforce.com,Technology
Occupancy Analytics (Tenant),0014W00002VXcUi,Tennessee Valley Authority,www.tva.com,"Electricity, Oil & Gas"
Occupancy Analytics (Tenant),0014W00002VXRy7,Indeed,www.indeed.com,Software
Occupancy Analytics (Tenant),0018a000027magE,Roshn,roshn.sa,Other
Occupancy Analytics (Tenant),0018a00001nrMqQ,UScellular,www.uscellular.com,Telecommunications
Occupancy Analytics (Tenant),0014W00002VXXD7,Symetra Financial,www.symetra.com,Insurance
Occupancy Analytics (Tenant),0014W00002VXOXH,Dolby,www.dolby.com,Manufacturing
Occupancy Analytics (Tenant),0014W00002VXRy7,Indeed,www.indeed.com,Software
Occupancy Analytics (Tenant),0018a000027magE,Roshn,roshn.sa,Other
Occupancy Analytics (Tenant),0014W00002VXXD7,Symetra Financial,www.symetra.com,Insurance
Occupancy Analytics (Tenant),0014W00002W24KN,Netflix,www.netflix.com,Media & Internet
Occupancy Analytics (Tenant),001Pr000003BZrz,Vaxcyte,www.vaxcyte.com,Manufacturing
Occupancy Analytics (Tenant),0014W00002USmgF,Stanford Health Care,www.stanfordhealthcare.org,Healthcare
Occupancy Analytics (Tenant),0014W00002W24KN,Netflix,www.netflix.com,Media & Internet
Occupancy Analytics (Tenant),0014W00002USmgF,Stanford Health Care,www.stanfordhealthcare.org,Healthcare
Occupancy Analytics (Tenant),0018a000027l1x1,CSIRO,csiro.au,Government
Occupancy Analytics (Tenant),0014W00002VXOWY,Coca-Cola,www.coca-colacompany.com,Manufacturing
Occupancy Analytics (Tenant),0018a00001qvEfE,Stanford Children's,www.stanfordchildrens.org,Healthcare
Occupancy Analytics (Tenant),0014W00002YyL3H,U.S. General Services Administration - GSA Schedule Ordering Vehicle,www.gsa.gov,Government
Occupancy Analytics (Tenant),0014W00002VXmNt,Salesforce,salesforce.com,Technology
Occupancy Analytics (Tenant),0014W00002iYqkf,Applied Materials (AMAT),http://www.appliedmaterials.com/,Technology
Occupancy Analytics (Tenant),0014W00002VXXD7,Symetra Financial,www.symetra.com,Insurance
Occupancy Analytics (Tenant),0018a00001nr6cD,ByteDance (TikTok),tiktok.com,Media & Internet
Occupancy Analytics (Tenant),0014W00002VXOXm,QVC,www.qvc.com,"Department Stores, Shopping Centers & Superstores"
Occupancy Analytics (Tenant),0018a00001nrMqQ,UScellular,www.uscellular.com,Telecommunications
Occupancy Analytics (Tenant),0018a00001nr6cD,ByteDance (TikTok),tiktok.com,Media & Internet
Occupancy Analytics (Tenant),0014W00002W24KN,Netflix,www.netflix.com,Media & Internet
Occupancy Analytics (Tenant),0018a000027mHmJ,Genesys,genesys.com,Software
Occupancy Analytics (Tenant),0018a00001rCrhx,Cambia Health Solutions,cambiahealth.com,Healthcare
Occupancy Analytics (Tenant),0018a00001nrMqQ,UScellular,www.uscellular.com,Telecommunications
Occupancy Analytics (Tenant),0018a00001nrMqQ,UScellular,www.uscellular.com,Telecommunications
Occupancy Analytics (Tenant),0018a00001nr6cD,ByteDance (TikTok),tiktok.com,Media & Internet
Occupancy Analytics (Tenant),0018a00001nr6cD,ByteDance (TikTok),tiktok.com,Media & Internet
Occupancy Analytics (Tenant),0014W00002YyL3H,U.S. General Services Administration - GSA Schedule Ordering Vehicle,www.gsa.gov,Government
Occupancy Analytics (Tenant),0014W00002VXmNt,Salesforce,salesforce.com,Technology
Occupancy Analytics (Tenant),0018a00001nr6cD,ByteDance (TikTok),tiktok.com,Media & Internet
Occupancy Analytics (Tenant),0014W00002W24KN,Netflix,www.netflix.com,Media & Internet
Occupancy Analytics (Tenant),0018a00001qumzJ,Utah Transit Authority,https://www.rideuta.com/,Transportation
Occupancy Analytics (Tenant),0018a00001qumzJ,Utah Transit Authority,https://www.rideuta.com/,Transportation
Occupancy Analytics (Tenant),0014W00002W24KN,Netflix,www.netflix.com,Media & Internet
Occupancy Analytics (Tenant),0014W00002VXmNt,Salesforce,salesforce.com,Technology
Occupancy Analytics (Tenant),0014W00002VXYBp,McKesson,https://www.mckesson.com,Corporate
Occupancy Analytics (Tenant),001Pr000006JrWc,Stanford School of Med,,Higher Education
Occupancy Analytics (Tenant),0014W00002VXRy7,Indeed,www.indeed.com,Software
Occupancy Analytics (Tenant),0014W00002VXRy7,Indeed,www.indeed.com,Software
Occupancy Analytics (Tenant),001Pr000003BZrz,Vaxcyte,www.vaxcyte.com,Manufacturing
Occupancy Analytics (Tenant),0014W00002VXmNt,Salesforce,salesforce.com,Technology
Occupancy Analytics (Tenant),0018a00001nr6cD,ByteDance (TikTok),tiktok.com,Media & Internet
Occupancy Analytics (Tenant),0014W00002VXOWY,Coca-Cola,www.coca-colacompany.com,Manufacturing
Occupancy Analytics (Tenant),0014W00002VXOWY,Coca-Cola,www.coca-colacompany.com,Manufacturing
Occupancy Analytics (Tenant),0014W00002YyL3H,U.S. General Services Administration - GSA Schedule Ordering Vehicle,www.gsa.gov,Government
Occupancy Analytics (Tenant),0014W00002VXYBp,McKesson,https://www.mckesson.com,Corporate
Occupancy Analytics (Tenant),0014W00002USmgF,Stanford Health Care,www.stanfordhealthcare.org,Healthcare
Occupancy Analytics (Tenant),0018a00001rCrhx,Cambia Health Solutions,cambiahealth.com,Healthcare
Occupancy Analytics (Tenant),0018a00001nr6cD,ByteDance (TikTok),tiktok.com,Media & Internet
Occupancy Analytics (Tenant),0018a00001rCrhx,Cambia Health Solutions,cambiahealth.com,Healthcare
Occupancy Analytics (Tenant),0014W00002VXRy7,Indeed,www.indeed.com,Software
Occupancy Analytics (Tenant),0018a00001qumzJ,Utah Transit Authority,https://www.rideuta.com/,Transportation
Occupancy Analytics (Tenant),0018a00001qumzJ,Utah Transit Authority,https://www.rideuta.com/,Transportation
Occupancy Analytics (Tenant),0018a00001nr6cD,ByteDance (TikTok),tiktok.com,Media & Internet
Occupancy Analytics (Tenant),0018a00001nr6cD,ByteDance (TikTok),tiktok.com,Media & Internet
Occupancy Analytics (Tenant),0014W00002iYqkf,Applied Materials (AMAT),http://www.appliedmaterials.com/,Technology
Occupancy Analytics (Tenant),0018a00001nr6cD,ByteDance (TikTok),tiktok.com,Media & Internet
Occupancy Analytics (Tenant),0014W00002VXRy7,Indeed,www.indeed.com,Software
Occupancy Analytics (Tenant),001Pr000006JrWc,Stanford School of Med,,Higher Education
Occupancy Analytics (Tenant),0018a00001nr6cD,ByteDance (TikTok),tiktok.com,Media & Internet
Occupancy Analytics (Tenant),0018a000027l1x1,CSIRO,csiro.au,Government
Occupancy Analytics (Tenant),0018a00001nr6cD,ByteDance (TikTok),tiktok.com,Media & Internet
Occupancy Analytics (Tenant),001Pr000003BZrz,Vaxcyte,www.vaxcyte.com,Manufacturing
Occupancy Analytics (Tenant),001Pr000003BZrz,Vaxcyte,www.vaxcyte.com,Manufacturing
Occupancy Analytics (Tenant),0014W00002VXcUi,Tennessee Valley Authority,www.tva.com,"Electricity, Oil & Gas"
Occupancy Analytics (Tenant),0014W00002USmgF,Stanford Health Care,www.stanfordhealthcare.org,Healthcare
Occupancy Analytics (Tenant),001Pr000003BZrz,Vaxcyte,www.vaxcyte.com,Manufacturing
Occupancy Analytics (Tenant),0014W00002O6Tsq,Amazon.com,www.amazon.com,Retail
Occupancy Analytics (Tenant),0018a00001nr6cD,ByteDance (TikTok),tiktok.com,Media & Internet
Occupancy Analytics (Tenant),0014W00002O6Tsq,Amazon.com,www.amazon.com,Retail
Occupancy Analytics (Tenant),0014W00002O6Tsq,Amazon.com,www.amazon.com,Retail
Occupancy Analytics (Tenant),0014W00002VXRy7,Indeed,www.indeed.com,Software
Occupancy Analytics (Tenant),0014W00002VXRy7,Indeed,www.indeed.com,Software
Occupancy Analytics (Tenant),0014W00002USmgF,Stanford Health Care,www.stanfordhealthcare.org,Healthcare
Occupancy Analytics (Tenant),0014W00002RIeZO,Walmart,https://www.walmart.com/,Retail
Occupancy Analytics (Tenant),001Pr000006VRrj,Children's Healthcare of Atlanta,choa.org,Hospitals & Physicians Clinics
Occupancy Analytics (Tenant),0014W00002O8sAT,Otsuka America Pharmaceutical US,www.otsuka-us.com,Manufacturing
Occupancy Analytics (Tenant),0014W00002O8sAT,Otsuka America Pharmaceutical US,www.otsuka-us.com,Manufacturing
Occupancy Analytics (Tenant),0014W00002USmgF,Stanford Health Care,www.stanfordhealthcare.org,Healthcare
Occupancy Analytics (Tenant),0018a00001nr6cD,ByteDance (TikTok),tiktok.com,Media & Internet
Occupancy Analytics (Tenant),0018a000027magE,Roshn,roshn.sa,Other
Occupancy Analytics (Tenant),0014W00002VXXD7,Symetra Financial,www.symetra.com,Insurance
Occupancy Analytics (Tenant),0014W00002VXXD7,Symetra Financial,www.symetra.com,Insurance
Occupancy Analytics (Tenant),0018a000027mHmJ,Genesys,genesys.com,Software
Occupancy Analytics (Tenant),0014W00002W24KN,Netflix,www.netflix.com,Media & Internet
Occupancy Analytics (Tenant),0014W00002VXmNt,Salesforce,salesforce.com,Technology
Occupancy Analytics (Tenant),0014W00002VXcUi,Tennessee Valley Authority,www.tva.com,"Electricity, Oil & Gas"
Occupancy Analytics (Tenant),0014W00002VXXD7,Symetra Financial,www.symetra.com,Insurance
Occupancy Analytics (Tenant),0014W00002VXXD7,Symetra Financial,www.symetra.com,Insurance
Occupancy Analytics (Tenant),0018a00001nr6cD,ByteDance (TikTok),tiktok.com,Media & Internet
Occupancy Analytics (Tenant),0018a00001rCrhx,Cambia Health Solutions,cambiahealth.com,Healthcare
Occupancy Analytics (Tenant),0014W00002VXOXm,QVC,www.qvc.com,"Department Stores, Shopping Centers & Superstores"
Occupancy Analytics (Tenant),001Pr000007EgzT,Elan Espirit Preschool,https://www.elanpreschool.com/,K-12 Education
Occupancy Analytics (Tenant),0014W00002iYqkf,Applied Materials (AMAT),http://www.appliedmaterials.com/,Technology
Occupancy Analytics (Tenant),0014W00002VXcUi,Tennessee Valley Authority,www.tva.com,"Electricity, Oil & Gas"
Occupancy Analytics (Tenant),0014W00002USmgF,Stanford Health Care,www.stanfordhealthcare.org,Healthcare
Occupancy Analytics (Tenant),001Pr000006VRrj,Children's Healthcare of Atlanta,choa.org,Hospitals & Physicians Clinics
Occupancy Analytics (Tenant),0018a00001nr6cD,ByteDance (TikTok),tiktok.com,Media & Internet
Occupancy Analytics (Tenant),0018a00001nr6cD,ByteDance (TikTok),tiktok.com,Media & Internet
Occupancy Analytics (Tenant),0018a00001nr6cD,ByteDance (TikTok),tiktok.com,Media & Internet
Occupancy Analytics (Tenant),0018a00001nr6cD,ByteDance (TikTok),tiktok.com,Media & Internet
Occupancy Analytics (Tenant),0018a00001nr6cD,ByteDance (TikTok),tiktok.com,Media & Internet
Occupancy Analytics (Tenant),0018a00001nr6cD,ByteDance (TikTok),tiktok.com,Media & Internet
Occupancy Analytics (Tenant),0018a00001nr6cD,ByteDance (TikTok),tiktok.com,Media & Internet
Occupancy Analytics (Tenant),0014W00002VXOXm,QVC,www.qvc.com,"Department Stores, Shopping Centers & Superstores"
Occupancy Analytics (Tenant),0014W00002VXcUi,Tennessee Valley Authority,www.tva.com,"Electricity, Oil & Gas"
Occupancy Analytics (Tenant),001Pr00000OMeSP,Sofitel Hotels,www.sofitel.accor.com,Hospitality
Occupancy Analytics (Tenant),0014W00002RIeZO,Walmart,https://www.walmart.com/,Retail
Occupancy Analytics (Tenant),0018a00001nr6cD,ByteDance (TikTok),tiktok.com,Media & Internet
Occupancy Analytics (Tenant),001Pr000006VRrj,Children's Healthcare of Atlanta,choa.org,Hospitals & Physicians Clinics
Occupancy Analytics (Tenant),0014W00002USmgF,Stanford Health Care,www.stanfordhealthcare.org,Healthcare
Occupancy Analytics (Tenant),001Pr0000081lOU,Universal Creative,universalorlando.com,Hospitality
Occupancy Analytics (Tenant),001Pr000008H8EI,One Medical,https://www.onemedical.com/,Healthcare
Occupancy Analytics (Tenant),001Pr000008fRm1,Central Peninsula Hospital,cpgh.org,Hospitals & Physicians Clinics
Occupancy Analytics (Tenant),001Pr00000A8UZS,Mercado Libre,,
Occupancy Analytics (Tenant),001Pr000008fRm1,Central Peninsula Hospital,cpgh.org,Hospitals & Physicians Clinics
Occupancy Analytics (Tenant),001Pr00000A6fAn,Adyen,www.adyen.com,Financial Software
Occupancy Analytics (Tenant),0014W00002VXcUi,Tennessee Valley Authority,www.tva.com,"Electricity, Oil & Gas"
Occupancy Analytics (Tenant),0014W00002DoYFM,Cushman & Wakefield,www.cushmanwakefield.com,Real Estate
Occupancy Analytics (Tenant),0014W00002O5QMf,Veeva,www.veeva.com,Software
Occupancy Analytics (Tenant),0014W00002UVAvU,Care.com,www.care.com,Business Services
Occupancy Analytics (Tenant),0014W00002VXcUi,Tennessee Valley Authority,www.tva.com,"Electricity, Oil & Gas"
Occupancy Analytics (Tenant),001Pr00000GnXHm,GIC,http://www.gic.com.sg,Finance
Occupancy Analytics (Tenant),001Pr00000GnvyQ,Redstone VT,www.redstonevt.com,Real Estate
Occupancy Analytics (Tenant),001Pr00000Go60z,The Boulos Company,www.boulos.com,Real Estate
Occupancy Analytics (Tenant),0014W00002VXcUi,Tennessee Valley Authority,www.tva.com,"Electricity, Oil & Gas"
Occupancy Analytics (Tenant),001Pr00000H9yzH,Citi Trends,www.cititrends.com,Retail
Occupancy Analytics (Tenant),001Pr00000I3Jmw,Norton Rose Fulbright,nortonrosefulbright.com,Law Firms & Legal Services
Occupancy Analytics (Tenant),001Pr00000I3RHU,JP Morgan,www.jpmorgan.com,Finance
Occupancy Analytics (Tenant),0018a00001rCU1o,BXP,www.bxp.com,Real Estate
Occupancy Analytics (Tenant),001Pr00000A8UZS,Mercado Libre,,
Occupancy Analytics (Tenant),001Pr000008fRm1,Central Peninsula Hospital,cpgh.org,Hospitals & Physicians Clinics
Occupancy Analytics (Tenant),001Pr00000CAluo,Smith & Nephew LLC,www.smith-nephew.com,Manufacturing
Occupancy Analytics (Tenant),001Pr00000DRZ3q,Arlington/Roe,arlingtonroe.com,Insurance
Occupancy Analytics (Tenant),001Pr00000FJ53O,Forrest Solutions,www.forrestsolutions.com,Business Services
Occupancy Analytics (Tenant),001Pr00000HunM4,Oaktree Capital,www.oaktreespecialtylending.com,Finance
Occupancy Analytics (Tenant),001Pr00000HuiMN,Sheppard Mullin Richter and Hampton LLC,www.sheppardmullin.com,Law Firms & Legal Services
Occupancy Analytics (Tenant),0014W00002O6Tvk,Northrop Grumman,www.northropgrumman.com,"Airlines, Airports & Air Services"
Occupancy Analytics (Tenant),0018a00001nrHv6,Paramount,www.paramount.com,Media & Internet
Occupancy Analytics (Tenant),0018a00001rD7mz,Evergy,www.evergy.com,"Energy, Utilities & Waste"
Occupancy Analytics (Tenant),0018a00001nr6cD,ByteDance (TikTok),tiktok.com,Media & Internet
Occupancy Analytics (Tenant),0018a00001nr6cD,ByteDance (TikTok),tiktok.com,Media & Internet
Occupancy Analytics (Tenant),0014W00002VXSDN,Intuit,www.intuit.com,Software
Occupancy Analytics (Tenant),001Pr000006phE5,Algoma University,https://algomau.ca/,Higher Education
Occupancy Analytics (Tenant),001Pr000005qJOh,University of Maryland,umd.edu,Higher Education
Occupancy Analytics (Tenant),001Pr000006ruQS,SLAC National Accelerator Laboratory,slac.stanford.edu,Business Services
Occupancy Analytics (Tenant),0014W00002USmgF,Stanford Health Care,www.stanfordhealthcare.org,Healthcare
Occupancy Analytics (Tenant),0014W00002VXSDN,Intuit,www.intuit.com,Software
Occupancy Analytics (Tenant),0018a00001rD7mz,Evergy,www.evergy.com,"Energy, Utilities & Waste"
Occupancy Analytics (Tenant),0014W00002USmgF,Stanford Health Care,www.stanfordhealthcare.org,Healthcare
Occupancy Analytics (Tenant),001Pr00000ALhsD,Hello Fresh,hellofresh.com,Business Services
Occupancy Analytics (Tenant),001Pr000009FAwL,Gensler,www.gensler.com,"Architecture, Engineering & Design"
Occupancy Analytics (Tenant),001Pr000008drxX,ConEd,https://www.coned.com,Corporate
Occupancy Analytics (Tenant),0014W00002DoYDt,Carrier Global,corporate.carrier.com,Engineering
Occupancy Analytics (Tenant),001Pr00000B4inJ,EwingCole,ewingcole.com,Construction
Occupancy Analytics (Tenant),001Pr00000BOzX5,Gates Foundation,,
Occupancy Analytics (Tenant),001Pr00000BQV9u,Global Logic,www.globallogic.com,Business Services
Occupancy Analytics (Tenant),001Pr000009hX20,Koch Industries,www.kochind.com,Corporate
Occupancy Analytics (Tenant),001Pr000009hX20,Koch Industries,www.kochind.com,Corporate
Occupancy Analytics (Tenant),001Pr000009hX20,Koch Industries,www.kochind.com,Corporate
Occupancy Analytics (Tenant),001Pr00000A86th,Shein,www.shein.com,Apparel & Accessories Retail
Occupancy Analytics (Tenant),0014W00002gSMfG,Boeing,www.boeing.com,Transportation
Occupancy Analytics (Tenant),0014W00002YyL3H,U.S. General Services Administration - GSA Schedule Ordering Vehicle,www.gsa.gov,Government
Occupancy Analytics (Tenant),0014W00002Fhc2G,SHI International,www.shi.com,Technology
Occupancy Analytics (Tenant),0014W00002gSMda,Target,www.target.com,Retail
Occupancy Analytics (Tenant),001Pr00000Cafyd,Kyndryl,www.kyndryl.com/,Business Services
Occupancy Analytics (Tenant),0014W00002USmgF,Stanford Health Care,www.stanfordhealthcare.org,Healthcare
Occupancy Analytics (Tenant),0014W00002SCInR,UPS,www.ups.com,Transportation
Occupancy Analytics (Tenant),0014W00002O5p8R,Boise State University,www.boisestate.edu,Higher Education
Occupancy Analytics (Tenant),001Pr00000DKcXt,L.E.K. Consulting,https://www.lek.com,Corporate
Occupancy Analytics (Tenant),001Pr00000DX4N8,Avison Young Canada,https://www.avisonyoung.ca,Real Estate
Occupancy Analytics (Tenant),001Pr00000D2k7M,TTI,www.ttigroup.com,"Hand, Power & Lawn-care Tools"
Occupancy Analytics (Tenant),001Pr000008YH9u,City of Seattle,www.seattle.gov,Government
Occupancy Analytics (Tenant),0018a00001nr6cD,ByteDance (TikTok),tiktok.com,Media & Internet
Occupancy Analytics (Tenant),0018a00001nr6cD,ByteDance (TikTok),tiktok.com,Media & Internet
Occupancy Analytics (Tenant),001Pr00000EC159,Anheuser-Busch,www.anheuser-busch.com,Food & Beverage
Occupancy Analytics (Tenant),0014W00002VXkyI,Invesco,www.invesco.com,Finance
Occupancy Analytics (Tenant),001Pr00000E1vdi,Sony Pictures Entertainment,spe.sony.com,Broadcasting
Occupancy Analytics (Tenant),0014W00002DoYED,CBRE,www.cbre.us,Real Estate
Occupancy Analytics (Tenant),001Pr00000CRm4r,Stanford University,www.stanford.edu,Higher Education
Occupancy Analytics (Tenant),001Pr00000E20n3,PwC Spain,www.pwc.es,Business Services
Occupancy Analytics (Tenant),001Pr00000ExG3w,City of Burlington,burlington.ca,Government
Occupancy Analytics (Tenant),0014W00002VXYBp,McKesson,https://www.mckesson.com,Corporate
Occupancy Analytics (Tenant),0014W00002VXYBp,McKesson,https://www.mckesson.com,Corporate
Occupancy Analytics (Tenant),0014W00002USmgF,Stanford Health Care,www.stanfordhealthcare.org,Healthcare
Occupancy Analytics (Tenant),0014W00002VXmNt,Salesforce,salesforce.com,Technology
Occupancy Analytics (Tenant),0014W00002gSMg9,State Farm Insurance,www.statefarm.com,Insurance
Occupancy Analytics (Tenant),001Pr00000EfnzB,Cook County Government,www.cookcountyil.gov,Government
Occupancy Analytics (Tenant),001Pr00000FqWpZ,Kaiser Permanente - CA,kp.org,Hospitals & Physicians Clinics
Occupancy Analytics (Tenant),001Pr00000Ftw9B,The College Board,www.collegeboard.org,Higher Education
Occupancy Analytics (Tenant),0014W00002VXmNt,Salesforce,salesforce.com,Technology
Occupancy Analytics (Tenant),001Pr00000GAiHt,Columbia College Chicago,colum.edu,K-12 Education
Occupancy Analytics (Tenant),001Pr00000GEVyn,Gilead Sciences Inc,www.gilead.com,Business Services
Occupancy Analytics (Tenant),001Pr00000CR5ha,Dexcom,www.dexcom.com,Manufacturing
Occupancy Analytics (Tenant),001Pr00000FmCEL,Strathcona County,www.strathcona.ca,Local
Occupancy Analytics (Tenant),001Pr00000GHGoj,Green Koncepts,https://www.greenkoncepts.com/,Manufacturing
Occupancy Analytics (Tenant),0014W00002VXRMi,Haworth,www.haworth.com,Manufacturing
Occupancy Analytics (Tenant),001Pr00000GgyGI,Tata Consultancy Services,tcs.com,Telecommunications
Occupancy Analytics (Tenant),001Pr00000GZ839,National Institutes of Health,https://www.nih.gov/,Government
Occupancy Analytics (Tenant),001Pr00000B6aLr,Roku,www.roku.com,Telecommunication Equipment
Occupancy Analytics (Tenant),001Pr00000GnjCT,Zoox,www.zoox.com,Manufacturing
Occupancy Analytics (Tenant),001Pr00000A6Uwy,Gen Digital,www.gendigital.com,Security Software
Occupancy Analytics (Tenant),001Pr00000Go3vx,Finastra,www.finastra.com,Software
Occupancy Analytics (Tenant),0018a00001nrf0X,ABM,https://www.abm.com/,Business Services
Occupancy Analytics (Tenant),0014W00002DoYIj,Florida State University,www.fsu.edu,Higher Education
Occupancy Analytics (Tenant),001Pr00000HSf4v,Fortescue,fortescue.com,Minerals & Mining
Occupancy Analytics (Tenant),0014W00002LyTVD,University of Washington,www.washington.edu,Higher Education
Occupancy Analytics (Tenant),0014W00002YunVj,Michigan State University,www.msu.edu,Higher Education
Occupancy Analytics (Tenant),001Pr00000HunsI,Neuberger Berman,www.nb.com,Finance
Occupancy Analytics (Tenant),0018a00002NONP0,One Workplace,https://www.oneworkplace.com/,Commercial Real Estate
Occupancy Analytics (Tenant),0014W00002O6Tvk,Northrop Grumman,www.northropgrumman.com,"Airlines, Airports & Air Services"
Occupancy Analytics (Tenant),0014W00002Dp71J,Visa,www.visa.com,Finance
Occupancy Analytics (Tenant),001Pr00000INYeZ,Spotify Inc.,spotify.com,Media & Internet
Occupancy Analytics (Tenant),001Pr000006s8Zp,Childrens Hospital Los Angeles,chla.usc.edu,Hospitals & Physicians Clinics
Occupancy Analytics (Tenant),001Pr00000IXQcT,Dept of Energy,www.energy.gov,Government
Occupancy Analytics (Tenant),0014W00002HPTqs,Sutter Health,www.sutterhealth.org,Healthcare
Occupancy Analytics (Tenant),0014W00002VXmNt,Salesforce,salesforce.com,Technology
Occupancy Analytics (Tenant),0014W00002VXmNt,Salesforce,salesforce.com,Technology
Occupancy Analytics (Tenant),001Pr00000ID8S1,Crescent Heights,https://www.crescentheights.com/,Commercial Real Estate
Occupancy Analytics (Tenant),0014W00002USmgF,Stanford Health Care,www.stanfordhealthcare.org,Healthcare
Occupancy Analytics (Tenant),0018a00001nr6cD,ByteDance (TikTok),tiktok.com,Media & Internet
Occupancy Analytics (Tenant),0018a00001nr6cD,ByteDance (TikTok),tiktok.com,Media & Internet
Occupancy Analytics (Tenant),0018a00001nr6cD,ByteDance (TikTok),tiktok.com,Media & Internet
Occupancy Analytics (Tenant),0018a00001nr6cD,ByteDance (TikTok),tiktok.com,Media & Internet
Occupancy Analytics (Tenant),0014W00002O6Tsq,Amazon.com,www.amazon.com,Retail
Occupancy Analytics (Tenant),0014W00002RIeZO,Walmart,https://www.walmart.com/,Retail
Occupancy Analytics (Tenant),0014W00002O6Tsq,Amazon.com,www.amazon.com,Retail
Occupancy Analytics (Tenant),0018a00001nrHv6,Paramount,www.paramount.com,Media & Internet
Occupancy Analytics (Tenant),001Pr00000DRZ3q,Arlington/Roe,arlingtonroe.com,Insurance
Occupancy Analytics (Tenant),001Pr00000LGhbJ,Explico,,
Occupancy Analytics (Tenant),0018a00001nr6cD,ByteDance (TikTok),tiktok.com,Media & Internet
Occupancy Analytics (Tenant),0018a00002NONP0,One Workplace,https://www.oneworkplace.com/,Commercial Real Estate
Occupancy Analytics (Tenant),0014W00002VXmNt,Salesforce,salesforce.com,Technology
Occupancy Analytics (Tenant),001Pr00000E1vdi,Sony Pictures Entertainment,spe.sony.com,Broadcasting
Occupancy Analytics (Tenant),0014W00002VXcUn,Atrium Health,www.atriumhealth.org,Healthcare
Occupancy Analytics (Tenant),0014W00002SCkk0,Emory University,www.emory.edu,Higher Education
Occupancy Analytics (Tenant),001Pr00000MFwwi,Vedder Price,www.vedderprice.com,Law Firms & Legal Services
Occupancy Analytics (Tenant),0014W00002USmgF,Stanford Health Care,www.stanfordhealthcare.org,Healthcare
Occupancy Analytics (Tenant),0018a00001qvEfE,Stanford Children's,www.stanfordchildrens.org,Healthcare
Occupancy Analytics (Tenant),0018a00001nrHv6,Paramount,www.paramount.com,Media & Internet
Occupancy Analytics (Tenant),001Pr00000Ck7qo,Clarient Group,theclarientgroup.com,Business Services
Occupancy Analytics (Tenant),001Pr00000Ck7qo,Clarient Group,theclarientgroup.com,Business Services
Occupancy Analytics (Tenant),0014W00002VXcUi,Tennessee Valley Authority,www.tva.com,"Electricity, Oil & Gas"
Occupancy Analytics (Tenant),0014W00002SCkgJ,Johnson & Johnson,www.jnj.com,Manufacturing
Occupancy Analytics (Tenant),001Pr00000NkrKG,Country Financial,countryfinancial.com,Insurance
Occupancy Analytics (Tenant),001Pr00000NofM5,Kubota Canada,www.kubota.ca,Machinery
Occupancy Analytics (Tenant),001Pr00000DRZ3q,Arlington/Roe,arlingtonroe.com,Insurance
Occupancy Analytics (Tenant),0014W00002VXcUi,Tennessee Valley Authority,www.tva.com,"Electricity, Oil & Gas"
Occupancy Analytics (Tenant),0014W00002VXcUi,Tennessee Valley Authority,www.tva.com,"Electricity, Oil & Gas"
Occupancy Analytics (Tenant),0014W00002VXRy7,Indeed,www.indeed.com,Software
Occupancy Analytics (Tenant),0014W00002DoYAL,American Automobile Association (AAA),www.aaa.com,Insurance
Occupancy Analytics (Tenant),001Pr000004GCSl,KLA Corporation,https://www.kla.com/,Machinery
Occupancy Analytics (Tenant),001Pr00000OZaNl,Partners Real Estate,partnersrealestate.com,Real Estate
Occupancy Analytics (Tenant),0014W00002VXRy7,Indeed,www.indeed.com,Software
Occupancy Analytics (Tenant),001Pr00000OiOvJ,"Government of Canada, Public Services and Procurement Canada",,Government
ODCV,001Pr000005EQSn,Quad Real,quadreal.com,Real Estate
ODCV,001Pr00000A6fCP,Match Group,www.mtch.com,Content & Collaboration Software
ODCV,001Pr00000Ck7qo,Clarient Group,theclarientgroup.com,Business Services
ODCV,001Pr00000CROFU,BGO,www.bgo.com,Real Estate
ODCV,001Pr00000COCFg,Skanska,group.skanska.com,Construction
ODCV,001Pr00000CHwNF,The Durst Organization,https://www.durst.org/,Machinery
ODCV,001Pr00000CROFU,BGO,www.bgo.com,Real Estate
ODCV,001Pr00000CRTrw,Polinger Company,www.polingerco.com,Real Estate
ODCV,001Pr00000DPKs7,Agilent Technologies,https://www.agilent.com/,Manufacturing
ODCV,001Pr00000CeiQ1,Low Tide Properties,www.lowtideproperties.com,Real Estate
ODCV,001Pr00000CROFX,Brandywine REIT,www.brandywinerealty.com,Finance
ODCV,001Pr00000COCFg,Skanska,group.skanska.com,Construction
ODCV,0014W00002W3Cdf,Carr Properties,www.carrprop.com,Real Estate
ODCV,0014W00002W3Cdf,Carr Properties,www.carrprop.com,Real Estate
ODCV,0018a00001nrf1e,Prologis,https://www.prologis.com/,Real Estate
ODCV,0014W00002S9g0r,Ramboll,ramboll.com,Business Services
ODCV,001Pr00000Ehf6J,NHS,www.nhs.uk,Medical Laboratories & Imaging Centers
ODCV,001Pr00000EhksL,Aldi,www.aldi.us,Grocery Retail
ODCV,001Pr00000ExhH5,dsm-firmenich,www.dsm-firmenich.com,Manufacturing
ODCV,001Pr00000FHquP,Albemarle County Public Schools,k12albemarle.org,K-12 Education
ODCV,001Pr00000FHjhe,Dougherty County School System,www.dougherty.ga.us,Government
ODCV,001Pr00000FHelF,Saint Landry Parish School Board,slpsb.org,K-12 Education
ODCV,001Pr00000FHqPl,Seminole Public School,www.sps.k12.ok.us,K-12 Education
ODCV,001Pr00000FHqWD,Yankton School District 63 - 3,ysd.k12.sd.us,K-12 Education
ODCV,0018a00001hGvVO,DLR Group,www.dlrgroup.com,Engineering
ODCV,0018a00001nrGhI,Hines Corporation,https://www.hines.com/,Real Estate
ODCV,001Pr00000G4jmS,Woodbourne Real Estate,https://woodbourneinvestments.com/,Real Estate
ODCV,0018a00001rD7cE,Transwestern,www.transwestern.com,Real Estate
ODCV,001Pr00000Go34k,NYC School Construction Authority,schools.nyc.gov,Government
ODCV,001Pr00000H6MyY,TCC CILE Custom AHU,www.tacomacc.edu,Higher Education
ODCV,001Pr00000I3Rfe,Equity Residential,equitylifestyleproperties.com,Real Estate
ODCV,0018a00002KQryW,The RMR Group Inc.,https://www.rmrgroup.com/Home/default.aspx,Commercial Real Estate
ODCV,001Pr00000CROFU,BGO,www.bgo.com,Real Estate
ODCV,0014W00002WcsOm,University of Maine,www.umaine.edu,Higher Education
ODCV,0014W00002S9fzy,UnitedHealth Group,www.unitedhealthgroup.com,Healthcare
ODCV,0018a00001hGd60,Snowflake,www.snowflake.com,Software
ODCV,001Pr00000KLVID,Randstad Holding,www.randstad.com,HR & Staffing
ODCV,001Pr00000CROFX,Brandywine REIT,www.brandywinerealty.com,Finance
ODCV,001Pr00000CROFX,Brandywine REIT,www.brandywinerealty.com,Finance
ODCV,001Pr00000FFrZe,ADP,www.adp.com,Human Resources Software
ODCV,0014W00002acxGX,U.S. Department of Veterans Affairs,https://www.va.gov/,Government
ODCV,001Pr00000G4jm8,Crombie REIT,www.crombie.ca,Real Estate
ODCV,0014W00002DoQvJ,Verizon,www.verizon.com,Telecommunications
ODCV,001Pr00000LNpov,Nantum AI,prescriptivedata.io,Business Services
ODCV,001Pr00000CRTBv,IHG Hotels & Resorts,www.ihg.co,Hospitality
ODCV,001Pr00000CRU1b,CP Group,www.cpgrp.com,Machinery
ODCV,001Pr00000CROFU,BGO,www.bgo.com,Real Estate
ODCV,001Pr00000MYFZR,JMA Wireless,www.jmawireless.com,Telecommunications
ODCV,0014W00002HPiQv,Goldman Sachs Group,www.goldmansachs.com,Finance
ODCV,001Pr00000NFxKH,Dyer Management LLC,www.dyermanagement.com,Real Estate
ODCV,001Pr00000M0NJM,Auros Group,www.aurosgroup.com,"Energy, Utilities & Waste"
ODCV,001Pr00000MRcR9,Albireo Energy,www.albireoenergy.com,Commercial Real Estate
ODCV,0014W00002D0UBm,Siemens,www.siemens.com,Manufacturing
ODCV,0014W00002Yvh2U,MGM Resorts,www.mgmresorts.com,Hospitality
ODCV,001Pr00000LNpov,Nantum AI,prescriptivedata.io,Business Services
ODCV,001Pr00000NFxKH,Dyer Management LLC,www.dyermanagement.com,Real Estate
ODCV,0018a00001hH4TU,University of Arizona,www.arizona.edu,Higher Education
ODCV,001Pr00000IrKuH,Pepperdine University,https://www.pepperdine.edu/,Higher Education
ODCV,0014W00002VXRy7,Indeed,www.indeed.com,Software
ODCV,0014W00002D0TTf,BMO Bank of Montreal,www.bmo.com,Finance
ODCV,0018a00001nr6cD,ByteDance (TikTok),tiktok.com,Media & Internet
ODCV,0014W00002W24KN,Netflix,www.netflix.com,Media & Internet
ODCV,0014W00002DoYED,CBRE,www.cbre.us,Real Estate
ODCV,0014W00002USmgF,Stanford Health Care,www.stanfordhealthcare.org,Healthcare
ODCV,0018a00001rDEkH,Qualcomm,www.qualcomm.com,Manufacturing
ODCV,0018a00001hH4TU,University of Arizona,www.arizona.edu,Higher Education
ODCV,001Pr00000OMeSP,Sofitel Hotels,www.sofitel.accor.com,Hospitality
ODCV,0018a000027lXWq,Eptura,www.eptura.com,Software
SecureAire,001Pr00000HlzCj,Brisk Air,https://briskaircool.com/,"Airlines, Airports & Air Services"
SecureAire,001Pr00000HlzCj,Brisk Air,https://briskaircool.com/,"Airlines, Airports & Air Services"
SecureAire,001Pr00000NAUij,Castle Subaru - SA,www.castlesubaru.com,Automobile Dealers
SecureAire,001Pr00000FYmA8,AWH - Ohio Henna,www.ohiohenna.com,Barber Shops & Beauty Salons
SecureAire,001Pr00000Fpy8B,Gensco,https://gensco.com,Building Materials
SecureAire,001Pr00000Fpy84,AuerSteel,https://auersteel.com,Building Materials
SecureAire,001Pr00000FYm9m,Associated Air Products,www.aap-kc.com,Building Materials
SecureAire,001Pr00000Fpy8B,Gensco,https://gensco.com,Building Materials
SecureAire,001Pr00000Fpy84,AuerSteel,https://auersteel.com,Building Materials
SecureAire,001Pr00000Fpy8B,Gensco,https://gensco.com,Building Materials
SecureAire,001Pr00000Fpy84,AuerSteel,https://auersteel.com,Building Materials
SecureAire,001Pr00000Fpy84,AuerSteel,https://auersteel.com,Building Materials
SecureAire,001Pr00000Fpy8B,Gensco,https://gensco.com,Building Materials
SecureAire,001Pr00000Fpy8B,Gensco,https://gensco.com,Building Materials
SecureAire,001Pr00000Fpy84,AuerSteel,https://auersteel.com,Building Materials
SecureAire,001Pr00000Fpy84,AuerSteel,https://auersteel.com,Building Materials
SecureAire,001Pr00000Fpy84,AuerSteel,https://auersteel.com,Building Materials
SecureAire,001Pr00000FYm9m,Associated Air Products,www.aap-kc.com,Building Materials
SecureAire,001Pr00000FYm9m,Associated Air Products,www.aap-kc.com,Building Materials
SecureAire,001Pr00000FYm9m,Associated Air Products,www.aap-kc.com,Building Materials
SecureAire,001Pr00000Fpy84,AuerSteel,https://auersteel.com,Building Materials
SecureAire,001Pr00000Fpy8B,Gensco,https://gensco.com,Building Materials
SecureAire,001Pr00000Fpy84,AuerSteel,https://auersteel.com,Building Materials
SecureAire,001Pr00000Fpy84,AuerSteel,https://auersteel.com,Building Materials
SecureAire,001Pr00000NATmf,Solution Air - SA,https://solutionairgroup.com/,Building Materials
SecureAire,001Pr00000FYm9k,Scott Springfield Mfg (SSM - Modine),www.scottspringfield.com,Building Materials
SecureAire,001Pr00000Fpy8B,Gensco,https://gensco.com,Building Materials
SecureAire,001Pr00000Fpy84,AuerSteel,https://auersteel.com,Building Materials
SecureAire,001Pr00000Fpy84,AuerSteel,https://auersteel.com,Building Materials
SecureAire,001Pr00000Fpy84,AuerSteel,https://auersteel.com,Building Materials
SecureAire,001Pr00000Fpy84,AuerSteel,https://auersteel.com,Building Materials
SecureAire,001Pr00000Fpy84,AuerSteel,https://auersteel.com,Building Materials
SecureAire,001Pr00000FYm9m,Associated Air Products,www.aap-kc.com,Building Materials
SecureAire,001Pr00000Fpy8B,Gensco,https://gensco.com,Building Materials
SecureAire,001Pr00000Fpy84,AuerSteel,https://auersteel.com,Building Materials
SecureAire,001Pr00000CU5sz,MBB Affiliates,www.mbbaffiliates.com,Business Services
SecureAire,001Pr00000CRTtX,Tri Properties,www.gotritek.com,Business Services
SecureAire,001Pr00000CRTtX,Tri Properties,www.gotritek.com,Business Services
SecureAire,001Pr00000FYmBP,Thelis,www.thelis.be,Business Services
SecureAire,001Pr00000HlnJe,BioPure,www.biopureservice.com,Business Services
SecureAire,001Pr00000J6rTJ,Bresler Training,www.jlenorabresler.com,Business Services
SecureAire,001Pr00000MlzMl,Apex Smart Water Solutions,www.getapexsmart.com,Business Services
SecureAire,0018a00001rDhmL,C&W Services,www.cwservices.com,Business Services
SecureAire,001Pr00000Fv5Ox,Infrastructure Ontario,https://www.infrastructureontario.ca,Commercial Real Estate
SecureAire,001Pr00000Kal05,Irvine Company,https://www.irvinecompany.com,Commercial Real Estate
SecureAire,001Pr00000EhfHZ,HDR,www.hdrinc.com,Construction
SecureAire,001Pr00000FYmBR,Oxford Building,www.oxfordbuildingcorp.com,Construction
SecureAire,001Pr00000H6EeR,Thermflo,www.thermflo.com,Construction
SecureAire,001Pr00000HWc0O,Empire Heating and Air Conditioning Company,www.empirehvac.com,Construction
SecureAire,001Pr00000HWy7J,Lee's Heating and Cooling Co,leesheatingandcoolingservice.com,Construction
SecureAire,001Pr00000HWob2,Rodenhiser HVAC,www.rodenhiser.com,Construction
SecureAire,001Pr00000HWrkB,Fairfield Company,https://www.farfield.net/,Construction
SecureAire,001Pr00000Ha5Nd,Integrity Heating and Air Conditioning LLC,www.integrityheatingwi.com,Construction
SecureAire,001Pr00000HlvYw,Martens Heating and Cooling,www.martensheating.com,Construction
SecureAire,001Pr00000HWc0O,Empire Heating and Air Conditioning Company,www.empirehvac.com,Construction
SecureAire,001Pr00000FYm9h,Kildonan Energy,www.kildonanenergy.com,Construction
SecureAire,001Pr00000FYm9r,Temperature Equipment Corporation (TEC),www.tecmungo.com,Construction
SecureAire,001Pr00000IGvzF,Ultimate Air Inc,www.comfortbyultimateair.com,Construction
SecureAire,001Pr00000FYm9f,HTS New England,www.hts.com/new-england/?l=new-england,Construction
SecureAire,001Pr00000FmAKb,Integrated Cooling Solutions (ICS),https://integratedcooling.com/,Construction
SecureAire,001Pr00000FYm9d,Custom Mechanical Solutions (CMS),www.cmswa.com,Construction
SecureAire,001Pr00000FYm9f,HTS New England,www.hts.com/new-england/?l=new-england,Construction
SecureAire,001Pr00000FYm9r,Temperature Equipment Corporation (TEC),www.tecmungo.com,Construction
SecureAire,001Pr00000FmAKb,Integrated Cooling Solutions (ICS),https://integratedcooling.com/,Construction
SecureAire,001Pr00000FYm9f,HTS New England,www.hts.com/new-england/?l=new-england,Construction
SecureAire,001Pr00000FYm9r,Temperature Equipment Corporation (TEC),www.tecmungo.com,Construction
SecureAire,001Pr00000FYm9f,HTS New England,www.hts.com/new-england/?l=new-england,Construction
SecureAire,001Pr00000HWc0O,Empire Heating and Air Conditioning Company,www.empirehvac.com,Construction
SecureAire,001Pr00000HWc0O,Empire Heating and Air Conditioning Company,www.empirehvac.com,Construction
SecureAire,001Pr00000HWc0O,Empire Heating and Air Conditioning Company,www.empirehvac.com,Construction
SecureAire,001Pr00000FmAKb,Integrated Cooling Solutions (ICS),https://integratedcooling.com/,Construction
SecureAire,001Pr00000FmAKb,Integrated Cooling Solutions (ICS),https://integratedcooling.com/,Construction
SecureAire,001Pr00000FYm9d,Custom Mechanical Solutions (CMS),www.cmswa.com,Construction
SecureAire,001Pr00000Fpy86,CSG Scientific,https://csgscientific.com,Construction
SecureAire,001Pr00000FmAKb,Integrated Cooling Solutions (ICS),https://integratedcooling.com/,Construction
SecureAire,001Pr00000FYm9f,HTS New England,www.hts.com/new-england/?l=new-england,Construction
SecureAire,001Pr00000FYm9f,HTS New England,www.hts.com/new-england/?l=new-england,Construction
SecureAire,001Pr00000FmAKb,Integrated Cooling Solutions (ICS),https://integratedcooling.com/,Construction
SecureAire,001Pr00000FYm9r,Temperature Equipment Corporation (TEC),www.tecmungo.com,Construction
SecureAire,001Pr00000HWc0O,Empire Heating and Air Conditioning Company,www.empirehvac.com,Construction
SecureAire,001Pr00000OKX8W,Tempmaster - SA,https://www.tempmaster-hvac.com/,Construction
SecureAire,001Pr00000FYm9r,Temperature Equipment Corporation (TEC),www.tecmungo.com,Construction
SecureAire,001Pr00000FYm9d,Custom Mechanical Solutions (CMS),www.cmswa.com,Construction
SecureAire,001Pr00000FYm9d,Custom Mechanical Solutions (CMS),www.cmswa.com,Construction
SecureAire,001Pr00000HWpYj,Value Added Distributors (VAD - Virginia Air),www.vadhvac.com,Consumer Services
SecureAire,001Pr00000JAMR0,Green Shelter,www.greenshelter.com.au,Consumer Services
SecureAire,001Pr00000HWpYj,Value Added Distributors (VAD - Virginia Air),www.vadhvac.com,Consumer Services
SecureAire,001Pr00000HWpYj,Value Added Distributors (VAD - Virginia Air),www.vadhvac.com,Consumer Services
SecureAire,001Pr00000HWpYj,Value Added Distributors (VAD - Virginia Air),www.vadhvac.com,Consumer Services
SecureAire,001Pr00000HWpYj,Value Added Distributors (VAD - Virginia Air),www.vadhvac.com,Consumer Services
SecureAire,001Pr00000HWpYj,Value Added Distributors (VAD - Virginia Air),www.vadhvac.com,Consumer Services
SecureAire,001Pr00000HWpYj,Value Added Distributors (VAD - Virginia Air),www.vadhvac.com,Consumer Services
SecureAire,001Pr00000HWpYj,Value Added Distributors (VAD - Virginia Air),www.vadhvac.com,Consumer Services
SecureAire,0014W00002VXcTM,CommScope,www.commscope.com,Corporate
SecureAire,0014W000024TJU5,Tesla,www.tesla.com,Corporate
SecureAire,0014W00002VXcTM,CommScope,www.commscope.com,Corporate
SecureAire,0014W000024TJU5,Tesla,www.tesla.com,Corporate
SecureAire,001Pr00000OLe1R,Medford Water - SA,https://www.medfordwater.org/,"Energy, Utilities & Waste"
SecureAire,0014W00002DN0By,Morgan Stanley,www.morganstanley.com,Finance
SecureAire,001Pr00000HljSx,Toronto Dominion,www.td.com,Finance
SecureAire,001Pr00000HljSx,Toronto Dominion,www.td.com,Finance
SecureAire,001Pr00000CROFX,Brandywine REIT,www.brandywinerealty.com,Finance
SecureAire,001Pr00000HljSx,Toronto Dominion,www.td.com,Finance
SecureAire,0014W00002FhXxF,City of Charlotte,charlottenc.gov,Government
SecureAire,001Pr00000FYmBJ,Vancouver Art Museum,www.westvancouver.ca,Government
SecureAire,001Pr00000FYmBe,City of Glendale,www.glendaleca.gov,Government
SecureAire,001Pr00000FYmBf,Maricopa County Jail,www.maricopacountyjail.net,Government
SecureAire,001Pr00000Hldyc,Department of General Services,www.dgs.ca.gov,Government
SecureAire,0014W00002acxGX,U.S. Department of Veterans Affairs,https://www.va.gov/,Government
SecureAire,001Pr00000NAGr6,Alachua Courthouse - SA,https://alachuacounty.us/,Government
SecureAire,001Pr00000NAGr6,Alachua Courthouse - SA,https://alachuacounty.us/,Government
SecureAire,001Pr00000NbN21,First Nations Health,www.fnha.ca,Government
SecureAire,001Pr00000NbN21,First Nations Health,www.fnha.ca,Government
SecureAire,001Pr00000FYm9j,RePure,www.repure.io,"Health, Wellness and Fitness"
SecureAire,001Pr00000FYm9j,RePure,www.repure.io,"Health, Wellness and Fitness"
SecureAire,001Pr000008H8EI,One Medical,https://www.onemedical.com/,Healthcare
SecureAire,0014W00002W454U,Intermountain Healthcare,http://www.intermountainhealthcare.org,Healthcare
SecureAire,0018a00001hH4Nc,University of Texas Medical Branch at Galveston (UTMB),www.utmb.edu,Healthcare
SecureAire,001Pr000002l06f,CS2 Test,cs2marketing.com,Healthcare
SecureAire,001Pr000007p85z,OneLegacy,onelegacy.org,Healthcare
SecureAire,001Pr00000FYmBi,University of Tampa,www.ut.edu,Higher Education
SecureAire,001Pr00000FYmBu,UCSD,www.ucsd.edu,Higher Education
SecureAire,0014W00002DoYFg,University of Miami,www.miami.edu,Higher Education
SecureAire,0014W00002SCjW0,Covenant College,www.covenant.edu,Higher Education
SecureAire,001Pr00000IkTUV,Melissa Gordon,,Higher Education
SecureAire,0014W00002Dp7o2,Brigham Young University,www.byu.edu,Higher Education
SecureAire,0014W00002SwaJP,Auburn University,www.auburn.edu,Higher Education
SecureAire,0014W00002Fitsf,James Madison University,www.jmu.edu,Higher Education
SecureAire,001Pr00000IrKuH,Pepperdine University,https://www.pepperdine.edu/,Higher Education
SecureAire,0014W00002O7EEh,Embry-Riddle Aeronautical University,www.erau.edu,Higher Education
SecureAire,0018a00001qv15m,Oregon City School District,www.orecity.k12.or.us,Higher Education
SecureAire,0014W00002O7EEh,Embry-Riddle Aeronautical University,www.erau.edu,Higher Education
SecureAire,0018a00001hH4TU,University of Arizona,www.arizona.edu,Higher Education
SecureAire,0014W00002O5p7h,UNMC University of Nebraska Medical Center,www.unmc.edu,Higher Education
SecureAire,0018a00001hH4TU,University of Arizona,www.arizona.edu,Higher Education
SecureAire,001Pr00000CRTBv,IHG Hotels & Resorts,www.ihg.co,Hospitality
SecureAire,001Pr00000FYmAP,Granville Lodge,www.granville380.com,Hospitality
SecureAire,001Pr00000FYmBr,Naval Air Station North Island,cnic.navy.mil,Hospitality
SecureAire,001Pr00000Il3En,Parkgate Library,www.nvdpl.ca,Hospitality
SecureAire,001Pr00000MqJbN,Tharaldson Hospitality Management,https://tharaldson.com/,Hospitality
SecureAire,0014W00002Yvh2U,MGM Resorts,www.mgmresorts.com,Hospitality
SecureAire,001Pr00000FYm9w,Mary Bridge Childrens Hospital,www.marybridge.org,Hospitals & Physicians Clinics
SecureAire,001Pr00000FYmBF,Humber River Hospital,www.hrh.ca,Hospitals & Physicians Clinics
SecureAire,001Pr00000FYmBo,Cleveland Clinic - Medina Compounding Pharm,my.clevelandclinic.org,Hospitals & Physicians Clinics
SecureAire,001Pr00000FYmBp,University Hospitals of Cleveland - Pharma,www.uhhospitals.org,Hospitals & Physicians Clinics
SecureAire,001Pr000003arNR,Atrium Health Floyd Medical Center,floyd.org,Hospitals & Physicians Clinics
SecureAire,001Pr00000NAmpJ,Signature Hospital - SA,https://signature-healthcare.org/,Hospitals & Physicians Clinics
SecureAire,001Pr00000NAcd4,St. Joseph Bellingham - SA,https://www.peacehealth.org/hospitals/peacehealth-st-joseph-medical-center,Hospitals & Physicians Clinics
SecureAire,0018a00001hH4s8,Allstate,www.allstate.com,Insurance
SecureAire,001Pr00000FHqCr,Cassville R-IV School District,cassville.k12.mo.us,K-12 Education
SecureAire,001Pr00000FHnyA,Hartselle City Schools,hartselletigers.org,K-12 Education
SecureAire,0014W00002O7Z18,Clark County School District,www.ccsd.net,K-12 Education
SecureAire,001Pr00000H9as5,Montebello School District,https://www.montebello.k12.ca.us/,K-12 Education
SecureAire,0018a00001qusqy,Gadsden Independent School District,www.gisd.k12.nm.us,K-12 Education
SecureAire,001Pr00000HsOl7,Hesperia Unified,www.hesperiausd.org,K-12 Education
SecureAire,001Pr00000IEng4,Kerrville Independent School District,www.kerrvilleisd.net,K-12 Education
SecureAire,001Pr00000InmU9,Point Pleasant Beach High School,https://www.ptbeach.com/o/ppbhs,K-12 Education
SecureAire,0014W00002WcsKM,Dartmouth College,www.dartmouth.edu,K-12 Education
SecureAire,0014W00002VXtx5,Grand Rapids Public School District,www.grps.org,K-12 Education
SecureAire,001Pr00000IniFI,Faith Family Academy,https://www.faithfamilyacademy.org/,K-12 Education
SecureAire,001Pr00000InqO5,Habersham County School District,https://www.habershamschools.com/,K-12 Education
SecureAire,001Pr00000Inqnu,Troup County Schools,http://www.troup.org/,K-12 Education
SecureAire,0014W00002VIfxS,San Rafael High School,www.srcs.org,K-12 Education
SecureAire,0014W00002Kquxn,Kingsport City Schools,www.k12k.com,K-12 Education
SecureAire,001Pr00000JBDS3,Santa Fe Independent School District,https://www.sfisd.org/,K-12 Education
SecureAire,001Pr00000JDjFi,North Clackamas School District,www.nclack.k12.or.us,K-12 Education
SecureAire,0014W00002Wfzr5,Houston Independent School District,houstonisd.org,K-12 Education
SecureAire,001Pr0000048iCs,Val Verde Unified School District,https://www.valverde.edu/en-US,K-12 Education
SecureAire,001Pr00000JE1qw,Albuquerque Public Schools,www.aps.edu,K-12 Education
SecureAire,001Pr00000JDuEN,Aldine Independent School District,www.aldineisd.org,K-12 Education
SecureAire,001Pr00000JE6p0,Boise School District,www.boiseschools.org,K-12 Education
SecureAire,0014W00002iZbzv,Lake Dallas Independent School District,www.ldisd.net,K-12 Education
SecureAire,001Pr00000JEBC0,New Kensington - Arnold School District,nkasd.com,K-12 Education
SecureAire,001Pr00000JEAiw,Anaheim Union High School District,www.auhsd.us,K-12 Education
SecureAire,001Pr00000JE1iv,Park Hill Schools,,K-12 Education
SecureAire,001Pr00000JEYrh,Sidney City Schools,www.sidneycityschools.org,K-12 Education
SecureAire,001Pr00000JEVCH,St. Joseph School District,sjsd.k12.mo.us,K-12 Education
SecureAire,001Pr0000036OVo,Alhambra Elementary School District #68,www.alhambraesd.org,K-12 Education
SecureAire,001Pr00000IEuXp,Williamsville Central School District,williamsvillek12.org,K-12 Education
SecureAire,0014W00002BnZeV,Newport School District,https://www.sau43.org/,K-12 Education
SecureAire,0014W00002iZsM6,Durango School District 9-R,www.durangoschools.org,K-12 Education
SecureAire,0014W00002Wc2dH,Elizabeth Public Schools,www.epsnj.org,K-12 Education
SecureAire,0014W00002Wg346,Baltimore City Public School System,baltimorecityschools.org,K-12 Education
SecureAire,001Pr00000FYmA4,INSA Grow Facility (CT),ct.wolterskluwer.com,Law Firms & Legal Services
SecureAire,001Pr00000CHwNF,The Durst Organization,https://www.durst.org/,Machinery
SecureAire,001Pr00000CR5ha,Dexcom,www.dexcom.com,Manufacturing
SecureAire,001Pr00000HMWfR,Root & Bloom,https://rootandbloominc.com/,Manufacturing
SecureAire,001Pr00000NAOOn,Pregis - SA,www.pregis.com,Manufacturing
SecureAire,001Pr00000FYmBT,Vancouver Art Gallery,www.vanartgallery.bc.ca,Museums and Institutions
SecureAire,001Pr00000FYmBg,JCCL,www.jccl.org,Not For Profit
SecureAire,001Pr00000JDprO,Pittsburg Unified School District,www.pittsburg.k12.ca.us,Organizations
SecureAire,001Pr00000JEDs5,Caroline County Public Schools,www.ccps.us,Organizations
SecureAire,001Pr00000JDprO,Pittsburg Unified School District,www.pittsburg.k12.ca.us,Organizations
SecureAire,001Pr00000D8Esj,Al-Futtaim Engineering & Technologies,https://afet.com/,Other
SecureAire,0018a00001nrGhI,Hines Corporation,https://www.hines.com/,Real Estate
SecureAire,0014W00002O5Wig,Hudson Pacific Properties,www.hudsonpacificproperties.com,Real Estate
SecureAire,001Pr00000FYmAQ,Cadillac Fairview,www.cadillacfairview.com,Real Estate
SecureAire,001Pr00000FYmBc,OSU-CIC,www.cic.com,Real Estate
SecureAire,001Pr00000FYZ62,Garfield Court,www.garfieldcourt.com,Real Estate
SecureAire,0014W00002O5Wig,Hudson Pacific Properties,www.hudsonpacificproperties.com,Real Estate
SecureAire,001Pr00000CRPA3,Rudin Management,www.rudin.com,Real Estate
SecureAire,001Pr00000IC31O,Crescent Real Estate,www.crescent.com,Real Estate
SecureAire,001Pr00000CMvC2,Parkway Corporation,www.parkwaycorp.com,Real Estate
SecureAire,001Pr00000G4jmT,Jamestown,www.jamestownlp.com,Real Estate
SecureAire,001Pr00000CRTtW,Tishman Speyer,www.tishmanspeyer.co,Real Estate
SecureAire,001Pr00000JBQdl,Commercial Advisors LLC,https://www.commadv.com/,Real Estate
SecureAire,0014W00002O5Wig,Hudson Pacific Properties,www.hudsonpacificproperties.com,Real Estate
SecureAire,0014W00002O5Wig,Hudson Pacific Properties,www.hudsonpacificproperties.com,Real Estate
SecureAire,001Pr00000NAh03,Assembly Row,https://assemblyrow.com/,Real Estate
SecureAire,001Pr00000NGjvB,Cove Communities,covecommunities.com,Real Estate
SecureAire,001Pr00000NGmUr,Metrotown - SA,https://www.metropolisatmetrotown.com/,Real Estate
SecureAire,001Pr00000NGjvB,Cove Communities,covecommunities.com,Real Estate
SecureAire,0018a00001nrGhI,Hines Corporation,https://www.hines.com/,Real Estate
SecureAire,0018a00001nrGhI,Hines Corporation,https://www.hines.com/,Real Estate
SecureAire,001Pr00000FYmBW,US Embassy (New Dehli),www.newdelhigbg.se,Restaurants
SecureAire,001Pr00000FYmBN,Post Project (Amazon),amazon.com,Retail
SecureAire,0014W00002gSMg2,Home Depot,www.homedepot.com,Retail
SecureAire,001Pr00000Fpy83,Aqua Air,https://aquaair.ab.ca,Retail
SecureAire,001Pr00000KgcgU,Homestead Comfort,www.homesteadcomfort.com,Retail
SecureAire,001Pr00000Fpy83,Aqua Air,https://aquaair.ab.ca,Retail
SecureAire,001Pr00000Fpy83,Aqua Air,https://aquaair.ab.ca,Retail
SecureAire,001Pr00000FYm9i,Olympic International,www.olympicinternational.com,Retail
SecureAire,001Pr00000Fpy82,Air Intelligence,https://airtelligence.com,Retail
SecureAire,001Pr00000FYm9i,Olympic International,www.olympicinternational.com,Retail
SecureAire,001Pr00000FYm9i,Olympic International,www.olympicinternational.com,Retail
SecureAire,001Pr00000FYm9p,H & B Products,www.hbproducts.com,Retail
SecureAire,0014W00002D1pmh,Trilogy Health Services,trilogyhs.com,Senior Care
SecureAire,0014W00002D1pmh,Trilogy Health Services,trilogyhs.com,Senior Care
SecureAire,001Pr00000NAO8i,Luminex - SA,https://luminex.com/,Software
SecureAire,0014W000024TJen,Philadelphia 76ers,www.sixers.com,Sports - Teams & Leagues
SecureAire,0018a00001nrD68,DISH,https://www.dish.com/,Telecommunications
SecureAire,0014W00002DoQvJ,Verizon,www.verizon.com,Telecommunications
SecureAire,0014W00002DoQvJ,Verizon,www.verizon.com,Telecommunications
SecureAire,001Pr00000FYmA7,AWH - 24 Franklin,www.awh.com.au,Transportation
SecureAire,0014W00002gSMfG,Boeing,www.boeing.com,Transportation
SecureAire,001Pr00000FYm9t,WA VA Home,,
SecureAire,001Pr00000FYm9u,BASX In UCSD,,
SecureAire,001Pr00000FYm9v,Bethel HS,,
SecureAire,001Pr00000FYm9x,Shadowlawn School,,
SecureAire,001Pr00000FYm9y,NKC Seattle,,
SecureAire,001Pr00000FYm9z,UTMC Expansion,,
SecureAire,001Pr00000FYmA0,MGH Waltham Hospital,,
SecureAire,001Pr00000FYmA1,INSA Grow Facility (FL),,
SecureAire,001Pr00000FYmA2,345 Dorchester Avenue,,
SecureAire,001Pr00000FYmA3,Seaport Circle (Parcel H),,
SecureAire,001Pr00000FYmA5,INSA Grow Facility (NJ),,
SecureAire,001Pr00000FYmA6,Harvard Repertory Theater,,
SecureAire,001Pr00000FYmA9,Harvard ERC Treehouse,,
SecureAire,001Pr00000FYmAA,Alcott ERU's,,
SecureAire,001Pr00000FYmAB,2nd district court house sarasota,,
SecureAire,001Pr00000FYmAC,DJ Insight Aaon,,
SecureAire,001Pr00000FYmAD,Buffalo Grow Facility,,
SecureAire,001Pr00000FYmAE,Verano Grow Facility,,
SecureAire,001Pr00000FYmAF,Orlando Airport GOAA,,
SecureAire,001Pr00000FYmAG,AHU Trane Project Insight Partners,,
SecureAire,001Pr00000FYmAH,Moffitt Carrol,,
SecureAire,001Pr00000FYmAI,Tampa Yacht Club,,
SecureAire,001Pr00000FYmAJ,Symmes E School,,
SecureAire,001Pr00000FYmAK,Stable Research Building SRB Moffitt,,
SecureAire,001Pr00000FYmAL,2nd District Court,,
SecureAire,001Pr00000FYmAM,Aloft Kitchen,,
SecureAire,001Pr00000FYmAN,Universal B3 Locker Rooms,,
SecureAire,001Pr00000FYmAO,Collier County SL 4,,
SecureAire,001Pr00000FYmBG,QEII Halifax Infirmary P3,,
SecureAire,001Pr00000FYmBH,Project X Hospital (Canadian P3 Hos,,
SecureAire,001Pr00000FYmBI,St. Pauls CSRC,,
SecureAire,001Pr00000FYmBK,New St. Pauls Hospital,,
SecureAire,001Pr00000FYmBL,New Surrey P3 Hospital,,
SecureAire,001Pr00000FYmBM,Port Coquitlan Courthouse,,
SecureAire,001Pr00000FYmBO,The Stack,,
SecureAire,001Pr00000FYmBQ,Vancouver Post,,
SecureAire,001Pr00000FYmBS,Ridgewood Kamloops,,
SecureAire,001Pr00000FYmBU,UHN University Hospital North,,
SecureAire,001Pr00000FYmBV,ABAS Project (MUMBAI),,
SecureAire,001Pr00000FYmBX,Maripole Transit,,
SecureAire,001Pr00000FYmBY,150 W Georgia,,
SecureAire,001Pr00000FYmBZ,SeaGen B15,,
SecureAire,001Pr00000FYmBa,280 Victoria Street,,
SecureAire,001Pr00000FYmBb,North Regina Mixed Use School,,
SecureAire,001Pr00000FYmBd,West Shore PSE,,
SecureAire,001Pr00000FYmBh,"Grow Project with 4"" Slim Lines",,
SecureAire,001Pr00000FYmBj,CA Grow Facility,,
SecureAire,001Pr00000FYmBk,Kaiser Permante Regional Genetics Lab,,
SecureAire,001Pr00000FYmBl,"Kaiser Permante, South Sacramento",,
SecureAire,001Pr00000FYmBm,"State of CA, Bateson Building",,
SecureAire,001Pr00000FYmBn,UCDH Folsom Medical Office,,
SecureAire,001Pr00000FYmBq,CHNS Childrens Hospital MD,,
SecureAire,001Pr00000FYmBs,Neurocrine Bio Sciences,,
SecureAire,001Pr00000FYmBt,SlimLine-US Navy Gym RTU,,
SecureAire,001Pr00000FYmBv,Scripps,,
SecureAire,001Pr00000FYmBw,UCSD MLDS Building,,
SecureAire,001Pr00000FYmBx,Animal Neurology Center,,
SecureAire,001Pr00000FYmBy,Casa Dryer,,
SecureAire,001Pr00000FYmC0,1125 Carnegie St 11th Floor rev 3,,
SecureAire,001Pr00000FYmC1,MLK Dream Center,,
SecureAire,001Pr00000FYmC2,Corning Reynosa,,
SecureAire,001Pr00000FYZ5y,Budget Small Ton RTU,,
SecureAire,001Pr00000FYZ5z,7320 Sheridan,,
SecureAire,001Pr00000FYZ60,1125 Carnegie rev 2 rebid,,
SecureAire,001Pr00000FYZ61,NuEra filters,,
SecureAire,001Pr00000FYZ63,Beacon Medical South Bend IN,,
SecureAire,001Pr00000G9ocI,CBE (Central Bank of Eswatini),centralbank.org.sz,
SecureAire,001Pr00000CRTqJ,Lincoln Property,,
SecureAire,001Pr00000H9csJ,ROHR CHABD,,
SecureAire,001Pr00000HZsro,OCS Millbury,,
SecureAire,001Pr00000HlwA1,David Heyburn Design Parts,,
SecureAire,001Pr00000Fpy87,Energy Improvement Products - EIP HVAC,https://energy-improvement-products.com,
SecureAire,001Pr00000I265P,Quality Comfort Experts,www.myqce.com,
SecureAire,001Pr00000I2KJd,Shanahan HVAC,,
SecureAire,001Pr00000I9XOz,Shamrang Khalsa HVAC,,
SecureAire,001Pr00000IGz0L,Vicky Huynh HVAC,,
SecureAire,001Pr00000Ikjcb,Jordan Brun,,
SecureAire,001Pr00000CRTtT,Silverstein,,
SecureAire,001Pr00000JDoKH,Mountain View School District,,
SecureAire,001Pr00000KBr0k,"Air Solutions Heating & Cooling, Inc.",www.callairsolutions.com,
SecureAire,001Pr00000KBrIQ,Jason Robinson,,
SecureAire,001Pr00000FYm9n,Cogent Air Solutions,www.cogentairsolutions.com,
SecureAire,001Pr00000KDzgT,Aire Serv of North Eastern MN,www.aireserv.com,
SecureAire,001Pr00000KBxHO,Zhou Jiang,,
SecureAire,001Pr00000KO1M2,Alvin Botacio,,
SecureAire,001Pr00000KNzgo,Kautilya Vemulapalli,,
SecureAire,001Pr00000CRTqJ,Lincoln Property,,
SecureAire,001Pr00000LKahb,Gene Malkin_HVAC,,
SecureAire,001Pr00000FYm9n,Cogent Air Solutions,www.cogentairsolutions.com,
SecureAire,001Pr00000CRTqJ,Lincoln Property,,
SecureAire,001Pr00000Mchor,1st Call Plumbing & AC,www.1stcallplumbingandac.com,
SecureAire,001Pr00000NAiYo,Bentall 6 - SA,https://b6vancouver.com/,
SecureAire,001Pr00000NAJk8,Gresham - SA,,
SecureAire,001Pr00000NATMr,Trail Memorial - SA,,
SecureAire,001Pr00000NAUaf,Castle Kia - SA,https://www.castlekiamchenry.com/,
SecureAire,001Pr00000FYmBI,St. Pauls CSRC,,
SecureAire,001Pr00000NARg2,THN_Marpole Transit Centre - SA,,
SecureAire,001Pr00000ND4oh,THN_Takeoff - SA,,
SecureAire,001Pr00000O4xJq,Federal Reserve Bank of Atlanta - SA,https://www.atlantafed.org/,
SecureAire,001Pr00000O8A2p,Salvation Slavic Baptist Church - SA,http://www.salvationbc.com/,
SecureAire,001Pr00000OLfYc,Sanctuary Apopka Dry Room - SA,,
SecureAire,001Pr00000OT6fN,Community First Hospital - SA,,